rank,gene,variance_log2,mean_log2
1,CLEC3A,26.902210958637383,4.752621980126538
2,CPB1,26.596434590707656,6.52252339856803
3,SCGB2A2,25.277208683000836,9.511542734181445
4,SCGB1D2,20.03965253185348,7.3337083121001125
5,TFF1,19.75874231672011,8.48707106421842
6,GSTM1,18.73585917123013,5.627701320518382
7,PIP,18.160858552280573,8.381257227746284
8,S100A7,17.708833384977964,3.6019501594283603
9,MUCL1,17.599928344922375,7.1935643358922805
10,CYP2B7P1,17.357565414094125,7.7726779425779675
11,ANKRD30A,17.058843902706492,6.851802232155906
12,PRAME,16.73982237197695,4.820765064701886
13,CYP4Z1,16.641475040856786,6.5190122166315145
14,KCNJ3,16.39821798549112,4.501378122049243
15,AGR3,16.397771205767587,8.897710124306768
16,HMGCS2,16.352374341319535,5.949268452578933
17,TFAP2B,16.04463668619874,7.550370063793491
18,SERPINA6,15.963882344016136,3.6350724725125887
19,MUC6,15.877342327441792,4.746185580134296
20,DHRS2,15.496584693546648,7.293504096568595
21,UGT2B11,15.070628861540902,3.5273208159204517
22,SLC30A8,15.048931266612763,4.516913573993455
23,C4orf7,14.602711808011819,4.370026729756974
24,VSTM2A,14.554383721142825,3.024692824053248
25,COL2A1,14.496534659635309,5.205473248445404
26,TAT,14.28795753221234,4.714348250553777
27,ADH1B,14.287706009438807,6.918337761340989
28,ADIPOQ,14.269476677328905,6.634119632019421
29,CALML5,13.861358901377978,6.737499356900384
30,GABRP,13.810638309489429,7.874298627942237
31,MYBPC1,13.787828586943228,4.756146706523319
32,KRT14,13.703738670503604,8.604787650887616
33,GP2,13.680493291077706,6.163928122343754
34,CEACAM5,13.54754921277725,6.659417431270955
35,SOX10,13.440684408396233,5.6364604792301645
36,TFF3,13.418394647826348,9.896009811901386
37,MUC5B,13.415999857757654,8.14430022227434
38,C1orf64,13.363331964459803,6.720577574294824
39,GRIA2,13.326353770900807,3.7174442279590103
40,KRT5,13.254443318040664,9.204412708432674
41,CRABP1,13.097784364866882,5.503762163554269
42,GSTT1,13.080056623397637,7.450835304165072
43,STAC2,12.836496043714106,6.312306550201284
44,SYT13,12.82371373148215,7.469503337750433
45,CST9,12.730478850489666,3.5344413736083906
46,KRT6B,12.694184792022565,6.941326553759217
47,LTF,12.684935890545468,11.001849107409537
48,BMPR1B,12.611574770991142,8.792533570437195
49,HOXB13,12.352426621234532,3.5470442615605737
50,KLK11,12.330059922453895,3.9887097152671673
51,FABP7,12.320825656024317,3.4994474326998937
52,CYP2A6,12.229802754431192,3.1324686319357715
53,NPY1R,12.179396844617777,8.636086053919557
54,GFRA1,12.103006201274614,10.782812764817562
55,CEACAM6,12.039902937776926,8.918582306789697
56,CRISP3,12.004153990387302,4.384944991854384
57,ABCC11,11.994811898346043,7.5593168294341355
58,C20orf114,11.956773521409334,6.265373135753993
59,CLCA2,11.89941911216853,5.155890492936786
60,KIF1A,11.813902664484177,4.430795296150075
61,LRP2,11.762612842873429,8.62772214945313
62,AGR2,11.739230051538433,11.53032562141098
63,PVALB,11.708188918996367,3.7652213380946775
64,PGR,11.668494929024545,8.97522473221605
65,TCN1,11.644965370951526,4.817349774317912
66,OBP2B,11.638759870488107,3.6881666400262345
67,CP,11.634697474260024,7.8573098580502485
68,OLFM4,11.54566459437116,4.747728381187574
69,SLC34A2,11.5389654407712,6.670093471644272
70,KRT6A,11.483950609735789,4.12798843249787
71,CGA,11.475672135496243,2.537912758151983
72,KCNC2,11.467104545388908,2.5813108594387835
73,KLK5,11.409803993437084,5.344724553305133
74,MUC16,11.39882131077232,5.565075463785739
75,CYP4F8,11.304177508263002,3.3677140252917344
76,PROM1,11.284949194855727,7.873282498911092
77,MSLN,11.26779570150478,3.623924737491273
78,KRT16,11.251289950815071,6.115304571172955
79,DSG3,11.193531740659349,5.704927121878629
80,A2ML1,11.177870585879544,3.4212302243068007
81,BPIL1,11.116984694988972,4.226931212212859
82,FAM5C,11.105294419914628,2.3518280271113303
83,SLC5A8,10.994264575726705,2.8638407404858848
84,CBLN2,10.989939506294732,3.8731053245715286
85,PIGR,10.921174341168438,6.824623930304375
86,SERPINA11,10.911775459288508,5.859728556473707
87,PTPRT,10.878887832877327,8.031323246125035
88,NLRP2,10.87324160196951,7.137517217249329
89,AQP5,10.863612164484861,4.389295966262515
90,ELF5,10.841392999115946,6.52628818665091
91,KRT81,10.840746146273462,6.531071313720253
92,KRT17,10.751346444905609,9.23200404737576
93,VGLL1,10.67899019593124,3.6046807502066405
94,CA9,10.637011970564819,3.4068549872001745
95,BEX1,10.601060490104363,3.8211559660865166
96,CST1,10.493028876615282,6.562559202360652
97,TUSC5,10.46173446421382,4.617679427916208
98,LBP,10.39997140283993,4.343320486085326
99,SLC6A4,10.386766795256674,4.150017348511258
100,KLK6,10.38389037048165,4.589506156282745
101,KLK10,10.376570609330772,5.012393674880944
102,PPP1R1B,10.348421110214579,8.646913052159842
103,CYP4Z2P,10.331565027099051,6.216273665020183
104,NXPH1,10.290612098498729,2.7818855356260106
105,KLHDC7A,10.245574620379765,6.337906257346692
106,LRRC31,10.208913708473878,3.933703111221828
107,SLITRK6,10.208678984025836,7.828189698349244
108,ESR1,10.196325770734976,11.659784946187846
109,C10orf82,10.18945445575061,4.228242398586012
110,EEF1A2,10.112311974463415,8.914506680573998
111,PPP2R2C,10.099775960453243,6.853602872726948
112,DCD,10.084449304437662,1.7245018254749136
113,SYT9,10.034617695990878,5.430142066563686
114,ANKRD30B,9.959944016912337,5.1839457187130185
115,SCGB2A1,9.936037646624905,5.348719822722915
116,GRPR,9.931468170410174,5.723505807617672
117,ORM1,9.926587856400843,3.4058373257647756
118,CALML3,9.88434708375726,5.4180471104796375
119,FABP4,9.822755769116762,7.684889841412646
120,TNNT1,9.789482054590263,7.023856915104574
121,KLK7,9.788194197475287,4.410219979132181
122,CHAD,9.779589631495567,7.220570703940941
123,MAGEA6,9.777758145375488,1.5678977455732266
124,SORCS1,9.76575506676524,4.5663698676288735
125,CST5,9.723568091964564,2.268206897971186
126,MUC2,9.706951402476491,1.9827503684049308
127,ASCL1,9.697201847153213,2.404737742118991
128,CDC20B,9.681659140531877,2.7072991420344916
129,PDZK1,9.669815187867062,6.513730192728472
130,CLIC6,9.614089224643013,7.921223347730866
131,CXCL17,9.568951102546547,5.908663085455175
132,SLC6A14,9.534702661843774,4.5420323086468075
133,RPS28,9.482016815110994,6.82684269909152
134,DIO1,9.431960983047691,5.202071142103105
135,PEG10,9.389725742317198,9.93676726751254
136,NBPF4,9.32837639874695,4.598508888709276
137,CARTPT,9.32803457790867,1.2114152097006738
138,SPAG6,9.295085937400358,2.809242574291638
139,CNTNAP2,9.287382262597387,7.475818042000817
140,C7,9.281301180166665,6.642516467057335
141,ABCC8,9.275255295388611,5.649733565781049
142,CASP14,9.274565996010539,2.1335586418510393
143,WNK4,9.270110127987769,7.590912912614233
144,SDR16C5,9.262542947491543,6.595108763502249
145,FOXI1,9.248945631142886,5.744750265317088
146,PYDC1,9.215847544576084,3.4250833442260666
147,LCN2,9.156184906535824,5.911612798140939
148,CIDEC,9.151653752249235,4.690869328274699
149,MUC15,9.151630861930833,4.614635895348984
150,SCUBE2,9.09093044223331,10.786295101993462
151,PPAN-P2RY11,9.087307789014119,4.693622739222743
152,S100A7A,9.070310830542752,1.932651598739946
153,S100A8,9.05649399152346,6.270704369496084
154,MIA,9.055912319889623,4.840698204796682
155,PGLYRP2,9.05432616311906,4.605641001484034
156,ABCA12,9.045721049360225,6.696558097721358
157,SCGB3A1,9.014249696000567,3.980570038634567
158,FOLR1,8.99796328205922,4.796623184632453
159,DSC3,8.979848964715242,6.655294932178244
160,CAPN8,8.951793842575126,6.738276374880272
161,CXCL13,8.90215748852368,6.9260433335625216
162,C2orf54,8.901452581460452,5.77450794109706
163,MSMB,8.878879979200962,4.341211393566924
164,IGSF1,8.874306196023003,4.505310145945189
165,S100A9,8.858277365519227,8.110318390836666
166,LRP1B,8.803079160782389,3.6936552089167223
167,MAGEA3,8.80201246156918,1.4303231827548064
168,TMPRSS4,8.772470742579054,4.3307365732089185
169,LY6D,8.767852929613788,2.702695928873131
170,SERPINA5,8.710257551803577,8.563445755259963
171,GLYATL2,8.70309094791575,5.930455594118881
172,HS6ST3,8.675833361677304,6.003839935977356
173,SERPINB5,8.67097770779645,6.699086779955144
174,SLC44A4,8.66618097621499,9.945232694391139
175,ERBB4,8.660196245239618,8.402768441237061
176,SLC5A1,8.656832212415825,6.067489550331465
177,SLC7A4,8.642560816368603,3.6701089445451456
178,SFRP1,8.636984813503748,9.439116241888911
179,NBPF6,8.62222862651905,3.1301717087098346
180,ALB,8.611715338669928,3.8584821974168277
181,PON3,8.611504353233503,4.830734556206455
182,MMP1,8.611111301511377,6.825867688807574
183,COL17A1,8.604262663581585,7.3510952733175445
184,TRH,8.57821237107978,3.077257935709585
185,PLA2G2A,8.576429946605236,5.186675302621495
186,S100P,8.547732609160976,8.10985927505235
187,ROBO2,8.537796638085316,4.75941850070825
188,ORM2,8.533202001775035,2.6695318562695216
189,RIMS4,8.506319729467242,7.353405625015841
190,ZIC1,8.486432681724382,3.1119919930509634
191,CYP4F22,8.481253833376016,5.213967632943127
192,NEK10,8.42126577108015,5.654260464382718
193,PI16,8.405995249156017,5.129252709012733
194,TMC5,8.405405078292885,8.580421181551175
195,NCRNA00052,8.385400242109425,2.1478922740136084
196,ABCC13,8.385125139492187,2.5784346814231056
197,WIF1,8.382829793902502,2.5808895218063435
198,LPPR3,8.377486360504774,5.421383523019069
199,ROPN1,8.36744266100595,2.901267507550293
200,GLRA3,8.338033304514541,2.3352990111476757
201,INSM1,8.33283718211737,3.396748592419698
202,IL20,8.319660105875732,4.10216224847775
203,ELOVL2,8.283529598225666,7.691701815704748
204,LEP,8.27943101020187,3.847081153370711
205,CCL19,8.271615299622434,6.695492361479324
206,PI3,8.265127713981833,2.8777930614798315
207,SLC7A2,8.264431967256922,10.450727077550898
208,SLC9A2,8.249107681074126,4.8603870147238535
209,MS4A15,8.226169349047645,4.024703609887829
210,CAPN6,8.170909761144387,5.046386742157392
211,TSPAN8,8.16870460471684,3.12178465718573
212,HGD,8.154401822928568,5.559772009089746
213,ATP6V0A4,8.148488295282164,4.830892926531898
214,WDR72,8.148332281805972,3.3365129967672766
215,WFDC2,8.13899015399963,9.031998403225648
216,FAM3B,8.12654374360795,5.577324420203169
217,CHST8,8.124636320909662,5.530382716008077
218,PCAT18,8.11290500831422,4.273531585323795
219,FREM2,8.110023649205257,4.809693054769361
220,KNDC1,8.094227783451409,3.6416031844408083
221,ATP13A5,8.086077851120423,3.3891662982619097
222,NCCRP1,8.077147295666148,5.391230649518302
223,NKAIN1,8.054973288004229,8.028319695483603
224,HORMAD1,8.007216315380857,1.8246353368758383
225,TRPA1,8.001581960633345,3.7552118346174894
226,SYT1,7.998834199687437,6.933017743763703
227,PTPRZ1,7.990352403963982,3.633131195519011
228,FOXJ1,7.979750077065857,4.399865304779753
229,FAM5B,7.953200918047921,3.9355330449376758
230,ANXA8,7.949897847998719,5.918435491207022
231,FGB,7.929903186927371,1.8879910646679003
232,SYTL5,7.925670812737564,6.271119526745265
233,CCL21,7.911632353997934,6.072900865721475
234,VTCN1,7.9095540572049385,10.002768082186787
235,KLK8,7.903441955167482,2.989423651339734
236,CYP4B1,7.895883094774375,7.063943798068805
237,PKP1,7.8576159429157775,7.553817187449496
238,KRT15,7.84378640083157,9.625869534538323
239,CR2,7.83949501604785,3.1499857280207624
240,GRB14,7.834839487163714,4.980533111335111
241,GLDC,7.824036369923591,4.217299243174083
242,ACTL8,7.8160138570563555,2.726760863328262
243,PLIN1,7.809588516764614,6.9510431532808274
244,AGTR1,7.800194366016859,6.378705986724804
245,BBOX1,7.776797174477338,4.767170429300122
246,GPD1,7.770717494858892,6.295935344988144
247,BCAS1,7.759749758466187,8.064264136295275
248,C16orf89,7.7582679054826595,5.818579039775417
249,ART3,7.745295300438311,2.217815148813186
250,TPRG1,7.740327944021162,7.572970699102999
251,CYP4X1,7.723704565446221,8.261201237510534
252,HOTAIR,7.717526115891431,5.357228962268227
253,SYT8,7.716778398541522,4.201333700562076
254,TUBA3D,7.7159944428674665,4.240470451614039
255,TMPRSS6,7.700398500435591,5.231782017341267
256,LRG1,7.688377914998999,8.247676531937078
257,CYP2A7,7.6699933958255775,1.8470815010007393
258,SPDYC,7.6655335825799735,1.8826431109156352
259,PROL1,7.656987806018016,2.093183675642308
260,NAT1,7.652209042357181,9.638101444292358
261,FSIP1,7.65052506138713,6.776343280237151
262,CIDEA,7.644261073423853,3.2385980025701384
263,GPR98,7.628870449296229,7.0070030600075786
264,MS4A1,7.615566131745642,5.033157077742978
265,CHGB,7.613688117215122,2.439555045815174
266,DLK1,7.6119177078953095,1.74076256024763
267,TRIM29,7.598878761428648,8.372073228642982
268,FAM196A,7.598367497679795,5.128676825754555
269,SLPI,7.583838795843106,8.154057071003184
270,GSTA1,7.5803037130028486,2.5761961254798504
271,CHIT1,7.573336502615132,5.5587716083748875
272,NDP,7.553591264651761,4.807550850356528
273,ROPN1B,7.5291195715528625,3.284228207442848
274,GATA3-AS1,7.5279541410811985,6.76970789776042
275,ALOX15B,7.523841317897021,6.754579107786524
276,SOSTDC1,7.513741509562295,4.5601977345887255
277,ZIC2,7.5006186399964365,3.404726574011193
278,PNMT,7.471908587960343,3.810751604712123
279,IGDCC3,7.471536211144146,3.6436397080003133
280,PPP4R4,7.464418565472026,3.5535544362967024
281,HEPACAM2,7.459106360675442,3.8557298021818633
282,MARCO,7.442808611516088,4.1680898129627115
283,ATRNL1,7.433703860802752,5.010487647854937
284,PCSK1N,7.419686356918437,3.8306370140863835
285,GPR26,7.419430230424028,2.4602046375428523
286,PAX7,7.412182703377944,1.8129346859950575
287,MMP12,7.408829487496826,4.469251910049231
288,PSCA,7.3986273532605304,5.1932153988595715
289,ANXA8L2,7.394074189835493,4.59787023992449
290,DSG1,7.3926547296539935,2.8239175007358415
291,CST4,7.391543985782786,3.7617399499821746
292,TF,7.381237794907674,5.963960389170946
293,RGS22,7.363594656734053,4.865123979098308
294,AKR7A3,7.359451727912604,7.710702385723501
295,GABRB3,7.3500603101436175,4.615682816804323
296,HOXC11,7.340754468862932,5.7829030431943895
297,GJB1,7.337352026673755,4.145383663597472
298,C2CD4A,7.334175028108144,4.05864912801244
299,ONECUT2,7.328537293974038,4.008429079679043
300,C1orf173,7.319548115537585,3.8535116146877413
301,PRODH,7.311363090004695,6.591739034394881
302,KRT6C,7.302662854349038,3.0687530710518054
303,LOC100271831,7.301089969580676,2.7205273143091935
304,SLC13A2,7.292747806805153,4.1939515004754355
305,RBM24,7.278190778924342,5.596881526950301
306,KRT23,7.26651784686959,8.430419123607404
307,FOXA1,7.247669206253385,11.625952962051604
308,GRIK3,7.227453158695282,7.178053852657065
309,KRT4,7.223875346476476,1.9699627242067803
310,TRPV6,7.219486571077644,6.191524674059892
311,C3orf57,7.200484646255462,7.181136809061339
312,SAA2,7.196052490485419,5.93243399925388
313,UGT2B15,7.192615752839689,3.7275199884649366
314,ARHGAP36,7.188579906586903,1.9843765702904508
315,C19orf33,7.188009509706191,7.161774991476051
316,TMPRSS3,7.187842776893004,8.15008323312071
317,IGJ,7.1674120470354765,10.056428635908373
318,THRSP,7.15679139999453,6.055676368885158
319,DARC,7.135821611064391,7.289366711785411
320,PPP1R14C,7.123540397195605,4.98849816430365
321,FUT3,7.12048133197805,4.849891236887707
322,KRT13,7.112717660984567,2.047281549933671
323,SHISA9,7.097416569087454,5.909832856969647
324,SAA1,7.090625429830854,7.722464578066474
325,POF1B,7.073925411747716,5.653963364615273
326,VSIG2,7.071066319270103,4.263502994603307
327,TPSG1,7.063857886383156,3.251064650919262
328,PLIN4,7.030366037387186,8.126090548061832
329,HBA1,7.016851814610953,2.960470627806604
330,SLC26A3,7.015792190265402,2.7260555438739584
331,PRSS21,7.009703634045264,3.4497108816938957
332,VIPR2,7.004998959455449,4.349339599670821
333,SLC28A3,6.966886287989267,3.8282645523729206
334,TTYH1,6.964340059723233,4.72322039258726
335,MMP13,6.952668327989217,7.548356756292479
336,AR,6.950119771840849,8.035808079063699
337,TDRD1,6.940088478142177,2.6761535743394234
338,AREG,6.939779121967392,7.3076323171189514
339,PLCH1,6.932393290341706,6.238569034321787
340,TFPI2,6.928868354091043,5.4471143569428335
341,DKK1,6.920914811793524,4.2710420750931135
342,S100A2,6.903564544047048,5.595792888459401
343,CCNO,6.8905294040763705,6.154505889703401
344,DLX2,6.881544365004084,3.344515133398251
345,AFF3,6.87063874456096,9.942989752985211
346,SPAG17,6.85570598112025,4.243718120283929
347,SBSN,6.8486321437230755,2.230278879946827
348,AKR1B10,6.842792152397688,2.7663925916273655
349,PI15,6.82065598162976,7.237011016827738
350,ATP13A4,6.8178469799518195,4.685636383745474
351,SYNPO2L,6.809857676938055,3.188365475061263
352,PCDHA11,6.804548418392062,4.688241901124296
353,HSD17B2,6.801684311457017,3.572274245042647
354,CXADRP3,6.796571879564357,3.054108481683856
355,ZNF385B,6.781404253572985,5.2147012677240365
356,NPY5R,6.767345045248566,2.7228001059537137
357,ANKRD43,6.767036583441164,5.665017528698736
358,F7,6.7534247271017405,5.54298498982949
359,NTNG1,6.746655404925551,3.1315658400494644
360,FAM83E,6.734234884512822,5.929709460747084
361,NELL2,6.7327128366062805,7.738098369135318
362,PCDHA12,6.7115986282113305,4.268541129510751
363,DCX,6.7022995589512036,3.09015118621096
364,CACNG4,6.693513110370758,9.661453881948686
365,DCDC2,6.676656061524672,5.70704505861844
366,MYT1,6.654950751462676,3.6688142590814725
367,EPYC,6.652490978803969,4.32699432399554
368,IYD,6.641412403298059,3.6577336141541896
369,CHI3L2,6.635204254614386,7.608403716466055
370,PCDH10,6.628403449071698,3.0622937629095888
371,ADCY5,6.624246618591846,5.825563049424358
372,MAPK4,6.617754075316058,3.132151185656841
373,TSIX,6.612054044408074,6.056560716033103
374,FAM83A,6.611141198925903,4.3866803927679365
375,EDN3,6.609112285799144,2.6595072451901673
376,PHGR1,6.601280152706872,2.3563738046098903
377,HPX,6.597588160752946,6.823884450816809
378,GPC1-AS1,6.59511058476068,5.048866344768668
379,SHISA2,6.581007831250181,7.898042306344853
380,PCK1,6.580069593239293,3.253269368592378
381,CD177,6.572687084601604,3.5523674346023033
382,WT1,6.571152698460557,4.03604921280125
383,KCNG1,6.57037649147745,4.145716628470776
384,SOX2,6.558654018004488,2.49668468033621
385,RIMS2,6.551610852587907,3.157959099147818
386,CYP4F11,6.546725606227338,5.505168610800548
387,TLX1,6.546595778744407,2.1685274450944774
388,MMP7,6.545499704449524,8.764810498530707
389,COL11A1,6.536593679947233,10.6409852662677
390,MIR205HG,6.51982771175383,6.5282051971738415
391,GLYATL1,6.518643638148066,5.42627670372718
392,S100A1,6.514417461819472,8.500827615464942
393,FGG,6.509856396849931,1.4979493157647035
394,TTC36,6.501122072158477,4.597500716681982
395,NEURL,6.499336897460493,6.362628560984348
396,CNTFR,6.493403045299723,4.844397884393533
397,CHGA,6.487400190097724,1.5491436106383394
398,TOX3,6.478572690757113,7.903174242059648
399,GABBR2,6.472953679650888,2.060652561558267
400,PPP1R1A,6.4676520284349985,6.001897615480663
401,TBC1D3G,6.456097212960436,2.204808675984138
402,PART1,6.450463722792738,4.11102255644561
403,RET,6.4470580096867565,8.794537047039906
404,ZFP57,6.4430008298016,2.7145576855844094
405,SCRG1,6.434399248192634,2.6532222409296065
406,SLC15A1,6.4290262839555465,2.1597454114994505
407,LGR6,6.419258186989855,5.650411244735172
408,SEZ6L,6.4121491246432205,3.002499595382516
409,PLA2G2D,6.407024719429724,4.677700180781868
410,HOXC10,6.404681770520113,8.38170103276987
411,MKX,6.401395340150273,4.572759601554774
412,TUBA3E,6.399963382001246,3.7047437217586587
413,CHRDL1,6.39373387493059,6.806579325510374
414,SMOC1,6.387672218569424,5.240612953474941
415,KCNF1,6.377793557448557,5.315766861804723
416,RHCG,6.374624032195995,2.478914770540593
417,MS4A8B,6.370133037272569,2.5643494566626495
418,UGT2B28,6.366682088584361,1.618705808866558
419,MKRN3,6.365928261542747,2.8281834318452628
420,CRYM,6.365408116018515,3.471223088829001
421,CXCL14,6.363870631417733,10.704627928147477
422,HRASLS5,6.3610034971820495,6.23579747140984
423,BCL11A,6.347234260460928,5.394238187323235
424,SLC6A11,6.336349457017546,2.89753876989732
425,MAPT,6.316875580055492,10.049502769331712
426,TSPAN1,6.309155165247923,9.492595010629628
427,PLA2G3,6.308996367779131,2.50771774519861
428,FBN3,6.2983454313858855,2.8726450775909598
429,SLC6A15,6.275742541197646,2.0670794218368087
430,DOK7,6.2664668969927595,5.991943564481675
431,AKR1C2,6.261501413119187,5.980112512575155
432,UGT8,6.254311394905216,4.010862314829993
433,CPLX2,6.246893123506877,1.2006244352715012
434,FGFBP1,6.245222697338163,2.113676722081656
435,HP,6.23991532410977,3.5286388581120516
436,NKX2-2,6.239641233784732,1.7099689331935206
437,CTNND2,6.238502567298229,6.8332509112610085
438,MAGEA1,6.232774876708037,1.4292618626631137
439,APOD,6.232073163378568,10.98152994859549
440,FUT6,6.231068209659256,3.2482599006991295
441,ABCA8,6.209954283707319,5.528470069819391
442,RASAL1,6.209050522008281,4.632920830120417
443,OGN,6.208833537637465,7.2858888778544015
444,DEFB1,6.203003776356046,4.145477167783446
445,FAT2,6.198403199819512,6.21988423479873
446,ABCC12,6.197633131263268,2.4107191391838207
447,SCARA5,6.1942349921386475,3.979488050640795
448,PLAC9P1,6.190727107536365,2.410438690907479
449,CECR2,6.187243771453459,4.070470792841841
450,MMP10,6.18462467830769,4.677203905247981
451,PCSK1,6.183123223675556,3.915091417290355
452,SCNN1G,6.174047401950133,5.70035658857139
453,DACH1,6.172791098863046,7.944741024508616
454,TMEM40,6.1695902501558715,4.066628609184357
455,NOVA1,6.160300426064134,6.65371476434852
456,RBP4,6.152362794965413,5.395748021396084
457,CLGN,6.147667503649458,7.2449706609676445
458,FGF10,6.147368398061615,2.837481057658167
459,GRM4,6.143931536630661,5.337938938989504
460,SCGN,6.143222287198236,2.142540977523105
461,PIK3C2G,6.141802674935815,4.2204082411569885
462,CCL18,6.1394068881790655,5.429328053071238
463,LY6K,6.133333186365386,5.553504340209372
464,C2orf40,6.1250288177684,4.104333643016329
465,CD79A,6.1092323501427375,6.189393316585339
466,C1orf106,6.09099822476467,7.2938759460101386
467,ADAMTS15,6.084304077161411,7.053118400516004
468,AQP7,6.078182675634787,3.8539831361474604
469,TPSD1,6.074667680863022,3.210420346293747
470,GPRIN2,6.072664365137583,5.482688950093853
471,IRX4,6.053144556010156,4.003897010262254
472,PLIN5,6.049595662531092,6.22132871883673
473,PAH,6.049103442099366,2.8761644284107515
474,GJB3,6.047856411456169,3.997160094827549
475,B3GNT3,6.043365936264852,5.264720026465826
476,CLSTN2,6.035371769970439,9.050038049139962
477,NMU,6.034417240080425,2.6600707791561553
478,CPA6,6.030003998879454,2.4492250343988693
479,FCRL5,6.0234717817973955,4.612825619465692
480,ADAMTS19,6.0215393779263655,3.249380758809399
481,SHC4,6.018275372673061,4.808901658394981
482,PCOLCE2,6.008903380673275,4.947906355619389
483,SLC1A1,6.007861366052828,7.976816860139037
484,TMEM132C,6.0042063269789505,3.635189294318309
485,TNFSF12-TNFSF13,6.000212736170581,5.9728976891702406
486,FLT3,5.9994433224327,5.4365525304702
487,EMX1,5.988221048859722,3.060664378273328
488,MAOB,5.977593061822942,9.448258999820853
489,IRX1,5.975538460063769,5.578192917943415
490,ADAM6,5.97489546205203,13.595291811064614
491,PSAT1,5.9746659243529,6.423560681107088
492,DLGAP1,5.9701542021968015,4.04068814260016
493,AFP,5.965437461288155,2.1174515782267362
494,LOC440905,5.962476287482642,5.749744433047694
495,GATA4,5.958994578597266,1.6603980888216243
496,COL9A3,5.95592572408495,5.32820513482338
497,CD300LG,5.95270695916939,3.844697281497933
498,SEMA3E,5.952389362977263,6.522150494542302
499,AFAP1-AS1,5.950390561383058,3.3426948298873786
500,MAGEA4,5.946465585202292,1.0544624001924403
